Sl,Item,Quantity,Amount
1,ACT SANDROP PB CREAMY 100G,1,50
2,ACT SUNDROP PEANUT BUTTER CREAME,1,250
3,ACT SUNDROP PEANUT BUTTER CRUNCH,2,500
4,ALFA PLATE MEDIUM 1NO,25,112.5
5,ALPH LOLIPOP,31,160
6,AMUL DARK CHOCOLATE CONE,3,135
7,AMUL FRESH CREAM 1LTR,4,880
8,AMUL MITHAI MATE 7.5KG,3,"5,625.00"
9,AMUL VANILA CONE,5,150
10,AMULYA DAIRY W . 10KG JAR,1,"4,000.00"
11,APPY 600 ML RED BTL,9,315
12,APPY FIZZ 125 BTL RED,7,70
13,ASIANS MACRONI CANDY,6,240
14,BABY RUSK 250G,1,50
15,BABY RUSK 500G,3,300
16,BADHAM (LOOSE)1KG,0.75,750
17,BAKERS ICE POWDER,1,40
18,BALL ICE,1,10
19,BANANA BISCUT 250G,5,400
20,BANANA BISCUT 500G,1,160
21,BANANA BOLI 1 PCS,100,"1,500.00"
22,BAT PAPPADOM 90G,2,20
23,BINGO HASHTAG CREM&ONION,1,10
24,BLACK CURRENT ICE CREAM SHAKE,1,90
25,BLUE MOON MOJITO,2,160
26,BN LADDU INO,3,36
27,BONDA 1NO,29,348
28,BOOST SHAKE,1,70
29,BREAD 1NO,177,"7,080.00"
30,BRITANNIA 50-50 SWEET AND SALTY 76G,47,470
31,BRITANNIA GOOD DAY CASHEW,1,10
32,BRITANNIA GOOD DAY CHOCOCHIP,3,90
33,BRITANNIA NUTRI CHOICE CRACKER,22,220
34,BRITANNIA NUTRI CHOICE OATS 150G,7,525
35,BRITANNIA NUTRI CHOICE RAGI 150G,4,300
36,BRITANNIA TREAT CROISSANT MIXED F,6,120
37,BUN 1 PKT (5NO),"1,451.00","58,040.00"
38,BUN LOOSE,2,20
39,BURGER,11,660
40,BUTTER BUN 250G,1,50
41,BUTTER BUN 500G,1,100
42,BUTTER SALT COOKIES 150G,1,65
43,BUTTERSCOTCH ICE CREAM SHAKE,13,"1,170.00"
44,CADBURY DAIRY MILK SILK OREO,2,170
45,CADBURY DAIRYMILK SILK CHOCO,13,"1,020.00"
46,CAKE CARAMEL 1KG,1,700
47,CAKE CHOCO CHIP 1 KG,1,"1,000.00"
48,CAKE CHOCO FANTASY 1KG,1,850
49,CAKE CRUNCHY VELVET 1 KG,1,"1,000.00"
50,CAKE MANGO 1KG,1,700
51,CAKE VANCHO 1KG,3,"2,700.00"
52,CAMERRY BUTTERSCOTCH CONE,103,"4,120.00"
53,CAMERRY CHOCOBAR WITH PO,18,540
54,CAMERRY CHOCOLATE BULK 4L,1,820
55,CAMERRY DILSE CASSATA RED VELVET,7,245
56,CANDIES 70G,1,20
57,CANDLE 1NO,2,34
58,CANDYMAN ECLAIRS,125,125
59,CARDOMAM 1KG(ELAKKA),0.02,60
60,CARROT & DATES CAKE 800G,23,"9,660.00"
61,CARROT& DATES CAKE 400G,13,"2,730.00"
62,CASHEW (NUTS) 1KG,0.3,240
63,CASHEW NUTS (FULL),0.6,600
64,CENTRE FRESH,201,201
65,CENTRE FRUIT,23,23
66,CHICKEN SANDWICH,17,680
67,CHIKKU SHAKE,3,240
68,CHILLY SODA,19,570
69,CHURUTU 10 NOS.,17,850
70,COCONUT BISCUIT,3,210
71,COCONUT BISCUT 250G,1,80
72,COFFEE,148,"3,570.00"
73,CORNFLAKES BISCUTE 250G,3,240
74,COVER,0.3,6
75,CREAM BELL MILK CHOCOLATE,4,120
76,CUPCAKE 1NO,40,400
77,CUPCAKE CHOCOLATTE 1NO,10,100
78,CUTLET 1NO,119,"2,380.00"
79,DATES,0.75,250
80,DATES 1KG,2.15,570
81,EASTERN KASHMIRI CHILLI 250G,2,344
82,ESSENCE,1,28
83,FILZ CENTER,63,63
84,FRENCH FRIES,7,350
85,FRESH ANAR JUICE,2,160
86,FRESH MANGO JUICE,3,210
87,FRESH MIXED JUICE,1,90
88,FRESH PINEAPPLE JUICE,3,240
89,FROOTI 160ML BTL,88,880
90,FROOTI TETRA 125 ML,39,390
91,GALAXY SHAKE,6,480
92,GINGER LIME,3,90
93,GOLD WINNER 1LTR,21,"2,520.00"
94,GOOD DAY PISTA BADAM,1,25
95,GOODLIFE NANDINI MILK 500ML,9,297
96,GRAMBU 1KG,0.02,20
97,GRAPE LIME,5,150
98,HALDIRAM NAMKEEN PENUT 200G,2,100
99,HALDIRAM SHENG BHAJIA,3,150
100,HALDIRAMS SOAN PAPDI REG,3,210
101,HALVA 1KG(MAIDHA),15.15,"2,272.50"
102,HALVA 1KG(RICE),1,250
103,HALVA SP 1KG(RICE),27.48,"6,868.75"
104,HORLICKS SHAKE,1,70
105,HORLICKS WOMEN CARAMEL 400G JAR,1,345
106,IMPORTED COINS CANDY,2,10
107,IMPORTED MASHMELLO,1,15
108,IMPORTED WAFFER,2,200
109,INDIA GATE (HAIMA RICE) 1KG,2,260
110,JELLY  1KG,0.3,120
111,JILEBI 1NO,92,"1,104.00"
112,JOLY RANGER (LOLLI POP),166,830
113,JR CHAPPATHI,4,160
114,KARUVAPATTA 1KG,0.02,10
115,KELLOGGS CHOCOS,35,350
116,KELLOGGS CORN FLAKES 475G,1,205
117,KF TOP CUP SPICED CHICKEN,5,250
118,KIDILAN SHARJAH,3,270
119,KISAN,1,20
120,KISSMISS GREEN 1KG,0.2,80
121,KITCHEN CUMIN 50G,1,80
122,KITCHEN GINGER GARLIC PASTE 100G,1,35
123,KITCHEN PUTTU PODI 1 KG,1,68
124,KITCHEN VERMICELLY PAYASAM MIX 30,1,82
125,KITKAT SHAKE,1,80
126,KOPICO,19,19
127,KOTTAYAAM VINAGIRI,1,125
128,KURUMPULLU 1KG,1,50
129,LADDU 1NO,171,"2,052.00"
130,LAYS CLASSIC SALT,2,60
131,LAYS GOURNMET,12,360
132,LAYS HOT & SWEET,18,540
133,LAYS MAGIC MASALA,1,50
134,LAYS MAX PEPPERY,4,40
135,LAZZA,8,450
136,LAZZA CHOCOBAR,4,100
137,LAZZA CUP VANILA,6,60
138,LAZZA VANILA 1LTR,1,200
139,LIFE LINE BADAM,6,300
140,LIFE LINE CASHEW,5,250
141,LIFE LINE VANILA,8,400
142,LOTTE CHOCO 1 PCS 25 G,6,60
143,MAA TETRA,25,250
144,MACRONS BISCUT 250G,4,320
145,MAGGI MAS RS 55,33,"1,848.00"
146,MAGGI MASALA 560G,1,112
147,MALABAR CHEESE BALL,1,40
148,MANGO SHAKE,1,80
149,MARBLE CAKE 400G,6,960
150,MARBLE CAKE 800G,13,"4,160.00"
151,MARIES CORNFLAKES MIXTURE 179,2,100
152,MARIES MACRONI SWEETS,5,150
153,MARIES PEANUT CANDY 130G,11,385
154,MARIES PEANUT CANDY 240G,6,390
155,MARIES PEANUT CANDY70G,4,100
156,MARIES POPCORN 60G,1,25
157,MARIES SESAM BALL S WHITE 10 PCS,6,240
158,MARIES SESAM BALLS BLACK 10 PCS,5,200
159,MARIES SWEET BANANA CHIPS 150GM,11,770
160,MARIES TAPIOCA CHIPS CHILLI 170G,12,600
161,MARIES THATTA 130G,1,50
162,MARIES TOMATO MURUKKU 130G,6,300
163,MARIES UZHUNNADA 130G,2,100
164,MASALA BISCUIT 250G,18,"1,440.00"
165,MASALA BISCUIT 500G,3,480
166,MEAT ROLL 1NO,11,330
167,MELODY,6,10
168,MERCELYS FRUITBAR PINEAPPLE,25,250
169,MERCELYS LOLLY,46,460
170,MILK PEDA TIN,1,65
171,MILKMAID TIN 380G,10,"1,430.00"
172,MILKY MIST CURD 1LTR,3,414
173,MILKY MIST CURD 400G,65,"2,470.00"
174,MILKY MIST WHIP CREAM 250 ML,2,200
175,MILKYBAR MOULD 13.2G,50,500
176,MILMA CURD,3,105
177,MILMA MILK 500G,33,924
178,MINI PIZZA,3,150
179,MINT,10,10
180,MIXED FRUIT HALVA 1KG,1.15,287.5
181,MIXTURE,3,900
182,MOJOIES CHOCOLATE RS 5,11,55
183,MUNCH MAX,3,60
184,NABATI RICHEESE RS 10,25,250
185,NADAN KUZHALAPAM 200GM,41,"3,280.00"
186,NARANJA SWEAT PAC 1NO,1,10
187,NEERA 300ML,0.3,18
188,NEERA LTR,1,200
189,NEYYAPPAM 1NO,108,"1,296.00"
190,NIRAPARA PALADA MIX,1,79
191,NORMAL FALOODA,27,"2,720.00"
192,NORMAL FRUIT SALAD,14,930
193,NORMAL LIME,118,"2,360.00"
194,NUTRIN LOLLIPOP,60,120
195,ORBIT 1NO,23,115
196,OREO CHOCO,16,160
197,OREO SHAKE,22,"1,540.00"
198,PAF MIXTURE CANDY BALL,2,100
199,PAF PEANUT BAR CANDY 90 GM,3,120
200,PAPER GLASS 1NO,125,87.5
201,PAPER PLATE (SMALL) 1NO,100,100
202,PAPER PLATE 1NO,510,765
203,PAPER ROLL 1KG,0.82,82
204,PARIPPU VADA 1NO,76,912
205,PARLE HIDE & SEEK CHOCO ROLL,2,80
206,PARLE HIDE & SEEK CREAM ORANGE,5,150
207,PARLE HIDE & SEEK CREAM STRW,6,180
208,PARLE HIDE & SEEK CREAM VANILA,6,180
209,PEASTARY 1NO,11,330
210,PERUMJEERAKAM 1KG,0.1,40
211,PH LIVE KIWI CRNCHI CARMBIL,5,200
212,PINEAPPLE LIME,3,90
213,PLATHINSEON AVALOSUNDA 10NO,15,"1,200.00"
214,PLATHINSEON BEANS BISCUT,2,80
215,PLUM CAKE 400G,9,"1,440.00"
216,PLUM CAKE 800G,2,640
217,POPPINS,4,20
218,PRAN POTATO CREAM N ONION,3,75
219,PUFS 1NO,134,"2,680.00"
220,RICH BROWN BREAD 400G,1,40
221,RICH DAD BUTTERSCOTCH 1LTR,1,300
222,RICH DAD CHOCO,1,300
223,ROASTED PEANUT KG,2.05,676.5
224,ROUND BREAD 1NO,7,315
225,RUCHIYIDAM KACHA MANGO,1,65
226,RUSK 250G,5,246
227,RUSK 500G,145,"14,345.00"
228,SAMOSA,58,870
229,SANTHIGITI PAPPATAM,3,90
230,SHARJAH SHAKE,48,"2,890.00"
231,SLICE MANGO,60,600
232,SNICKERS SHAKE,2,180
233,SODA LIME,112,"2,240.00"
234,SPANISH DELIGHT ICE CREAM SHAKE,6,540
235,SPOON MIDIUM 1NO,300,150
236,SPRITE 1LTR,1,55
237,SUGAR LESS RUSK 250G,1,48
238,SUGAR LESS RUSK 500G,18,"1,670.00"
239,SUNFEAST ARROWROOT,2,60
240,SUNFEAST BOUNCE ELADHI,8,80
241,SUNFEAST DARK FANTACY CHOCO FILL,2,150
242,SUNFEAST DARK FANTACY CHOCOLATE,7,280
243,SUNFEAST DARK FANTACY VANILA,5,200
244,SUNFEAST MARIE LIGHT OATSFIBRE 20,3,90
245,SWEET NAN,21,378
246,TASTY CUP CAKES VANILLA 140G(6NOS),2,100
247,TASTY CUP CAKKE CHOCOLATE 140G(6,2,100
248,TATA COPPER WATER.,1,20
249,TEA,111,"1,665.00"
250,TEA BISCUITS 250G,5,275
251,TEA BISCUITS 500G,70,"7,700.00"
252,TEA RUSK 250G,6,600
253,TEA RUSK 500G,4,800
254,THAKKOLAM 1KG,0.01,10
255,TIC TAC,17,255
256,TISSUE PAPER,1,10
257,TOMATO MURUKKU,0.8,280
258,TROPICANA CRANBERRY,2,270
259,TROPICANA MIXED FRUIT,3,60
260,TROPICANA ORANGE,1,20
261,TROPICANA POMEGRANTE,22,440
262,ULLIVADA 1NO,25,300
263,UNCLE JOHN BALL  ICE 1 PCS,4,40
264,UNIBIC BUTTER CLASSIC 110G,1,30
265,UNIBIC CASHEW COOKIES,1,55
266,UNIBIC CHOCO CHIP 150G,1,55
267,UNIBIC CHOCO NUTS,8,440
268,UNIBIC DIGESTIVE COOKIES BUY ONE G,16,800
269,UNIBIC SNAPPERS INDI SPICE,1,75
270,UNIBIC WAFFERS CREAMY CHOCO,1,60
271,UNNIMADURAM 200G,15,750
272,UNNIYAPPAM 1KG,16,"3,840.00"
273,UNNIYAPPAM 1NO,20,240
274,UZHUNNUVADA 1NO,104,"1,248.00"
275,VADA,13,156
276,WINK SWISS PLUM,1,60
277,WINKIES SLICED FRUITICAKE,10,300
278,WINKIES SLICED PINEAPPLE,2,60
279,ZIB LOCK,24,192
280,ZIB LOCK 1NO,12,82
281,PVC CLING WARP 100MTRS,1,125
282,DREAM CAKE 400G,2,"1,296.75"
283,PUTHUMAS DATES WITH NUT 350G,2,540
284,PUTHUMAS DATE WITH BADAM 350G,1,270
285,BOUNTY 2X 28.5G,7,210
286,"MALABAR""S HONEY BALLS 20NOS.",4,120
287,MALANADU PASSION FRUIT SQUASH,2,560
288,CADBURY DAIRY MILK LICKABLES,5,225
289,CADBURY BOURNVITA BISCUIT 120G,11,385
290,CADBURY OREO VANILA,34,340
291,CADBURY DAIRY MILK CHOCO 25G,34,680
292,CADBURY DAIRY MILK MAHA PACK 52G,26,"1,040.00"
293,CADBURY BOURNVITA GAR 500G,3,735
294,CADBURY OREO CHOCOLATE 120G,2,70
295,CADBURY 5 STAR 20.5G,12,120
296,CADBURY CHOCOBAKE 150G,2,140
297,BOURNVITTA FIVE STAR MAGIC JAR 500,1,275
298,CADBURY GEMS 7.9G,158,790
299,CADBURY GEMS SURPRISE BOLL 15.8G,4,180
300,NUTELLA FERRERO 180G,8,"1,760.00"
301,KINDER JOY GIRLS 20G,51,"2,295.00"
302,KINDER CREAMY 19G,9,225
303,KINDER JOY BOYS 20G,73,"3,285.00"
304,PRAN POTATA SPICY BISCUIT 100G,40,"1,000.00"
305,PRINGLES POTATO CHIPS (RED)110G,3,345
306,PRINGLES POTATO CHIPS (GREEN) 110G,13,"1,495.00"
307,PRINGLES POTATO CHIPS(WHITE),1,115
308,NESCAFE CLASSIC 100G,1,330
309,POLO 1NO,15,75
310,MUNCH 1NO,159,795
311,CUP NOODLES CHICKEN 70G,2,100
312,BROOKE BOND RED LABLE DUST 250G,3,240
313,BRU INSTANT 100G,2,440
314,BRU INSTANT 2.2G,"1,268.00","2,536.00"
315,BRU INSTANT 5.5G,4,20
316,LIPTON GREEN TEA 100G,2,310
317,BRU INSTANT 11.9,50,500
318,HORLICKS CLASSIC MALT 500G,1,294
319,BOOST BOTTLE 500G,8,"2,392.00"
320,BRU SUPER STRONG 200G,47,"10,025.00"
321,HORLICKS JUNIOR VANILLA FLAVOUR J,2,660
322,HORLICKS BISCUITS 85G,7,70
323,HORLICKS BISCUITS 300G,22,"1,320.00"
324,HORLICKS CLASSIC MALT 20G,59,295
325,BOOST 17G,277,"1,385.00"
326,KNORR MIXED VEGETABLE SOUP,5,300
327,KNOOR SWEET CORN CHICKEN SOUP,8,515
328,KANAN DEVAN TEA 100G,3,99
329,KANAN DEVAN TEA 250G,1,80
330,TATA COFFEE GRAND 200G,1,173
331,NESCAFE CHILLED LATTE 180ML,1,45
332,MAGGI MASALA NOODLES 140G,14,392
333,NESTLE NAN PRO 400G 1,4,"3,080.00"
334,MUNCH,13,130
335,MAGGI CHICKEN NOODLES 284G,25,"2,000.00"
336,NESTLE EVERYDAY 200G,11,"1,320.00"
337,KITKAT 12.8G,110,"1,100.00"
338,MAGGI CHICKEN NOODLES 142G,12,480
339,MAGGI MASALA FAMILY FUN PACKNO,6,637
340,NESTLE NAN PRO 3,3,"2,355.00"
341,NESTLE NAN PRO 400G 4,4,"3,080.00"
342,NESTLE LACTOGEN 400G 2,3,"1,245.00"
343,NESTLE MILKYBAR 24.5,10,200
344,NESTLE LACTOGEN 3 400 G,3,"1,285.00"
345,NESTLE CERELAC MUL FRU 12-24 MONTH,4,"1,228.00"
346,NESTLE EVERYDAY 400G,1,222
347,MAGGI MASALA NOODLES 420G,28,"2,348.00"
348,BRITANNIA GOOD DAY CHOCOCHIP COOK 8901063004146,52,"3,120.00"
349,BRITANNIA MILK BIKIS 300G,1,55
350,BRITANNIA VITA MARIE GOLD BIS 300G,1,45
351,BRITANNIA 50-50 SSWEET & SALT 150G,28,840
352,BRITANNIA 50-50 SWEET AND SALTY 200,94,"3,290.00"
353,BRITANNIA 50-50MASKA CHASKA 45.5G,10,100
354,BRITANNIA 50-50 TIME PASS 150G,6,150
355,BRITANNIA TIGER BRITA 150G,4,100
356,BRITANNIA MARIE GOLD 250G,9,360
357,BRITANNIA NUTRI CHOICE CRACKER 300,49,"2,450.00"
358,BRITANNIA PURE MAGIC CHICOLUSH 75,5,175
359,BRITAANNIA NICE TIME,1,10
360,BRITANNIA TREAT CROISSANT COCOA 4,13,260
361,BRITANNIA TREAT CROISSANT VANILLA,27,540
362,BRITANNIA TREAT WAFERS VANILA,1,50
363,BRITANNIA MILK BIKIS CREAM 100G,1,30
364,BRITANNIA GOOD DAY CASHEW  200G,60,"3,000.00"
365,BRITANNIA GOOD DAY CASHEW FAMILY,1,130
366,BRITANNIA THIN ARROWROOT BISCUIT,50,"1,515.00"
367,BRITANNIA THIN ARROWROOT BISCUITS,63,"3,150.00"
368,BRITANNIA BOURBON 50G,5,50
369,BRITANNIA BOURBON 100G,1,25
370,BRITANNIA NUTRI CHOICE DIGESTIVE 2,1,70
371,BRITANNIA WINKIN STRAWBERRY(MILK,1,35
372,BRITANNIA WINKIN COW CHOCOLICOUS,3,120
373,BRITANNIA TIGER KRUNCH 72G,21,210
374,BRITANNIA TIGER GLUCOSE 250G,17,425
375,BRITANNIA TIGER GLUCOSE 115G,1,10
376,BRITANNIA MILK RUSK 200G,11,385
377,BRITANNIA TOASTEA RUSK 300G,83,"4,150.00"
378,BRITANNIA CAKE GOBBLES CHOCO 115,28,840
379,BRITANNIA  GOBBLES FRUITY 110G,9,270
380,BRITANNIA BISCAFE,14,420
381,BRITANNIA CAKE MARBLE CAKE 110G,1,30
382,BRITANNIA GOBBLES MARBLE CAKE RE,19,570
383,LOLLIPUP 1PAC,1,10
384,MALKIST CHEES 50RS,4,200
385,LOTTE CHOCO PIE 450G,1,180
386,LOTTE COFFY BITE 190 G,1,50
387,LOTTE  LACTO KING 440G,4,400
388,MALKIST CHOCO 50RS,4,200
389,CADBURY 5 STAR 10.1G,44,220
390,CADBURY CHOCLAIRS COFFEE 196G,4,200
391,GEMS 21.36G,4,40
392,CADBURY PERK 13G,4,20
393,CADBURY OREO VANILLA 120G,40,"1,400.00"
394,CADBURY OREO CHOCOLATE  120G,19,665
395,CADBURY DAIRY MILK ROAST ALMOND,4,180
396,CADBURY DAIRY MILK SHOTS,3,30
397,CADBURY DAIRY MILK CHOCO 6.3G,66,330
398,CADBURY DAIRY MILK CHOCO 12.5G,224,"2,240.00"
399,CADBURY DAIRY MILK SILK BUBBLY 50,10,850
400,CADBURY SILK OREO RED VELVET 50G,3,255
401,AMUL BUTTER 100G,37,"2,072.00"
402,AMUL CHEESE 200G,8,"1,120.00"
403,AMULYA DAIRY WHITENER 1KG,1,455
404,AMULYA DAIRY WHITENER 500G,1,235
405,AMUL MITHAIMATE 400G,3,348
406,AMUL CHOCOBAR PROBITIC FOLD,4,100
407,AMUL BUTTERSCOTCH CONE 1PIC,52,"1,820.00"
408,AMUL CHOCOLATE COOKIES,1,80
409,EASTERN CHICKEN MASALA 100G,2,100
410,EASTERN MEAT MASALA 100G,1,49
411,EASTERN KASHMIRI CHILLI 100G,1,73
412,EASTERN CHILLI PODI 250G,2,221
413,LAYS CREAM & ONION 115G,3,150
414,LAYS TOMATO TANGO 115G,1,50
415,LAYS TOMATO TANGO 73G,36,"1,080.00"
416,LAYS MAGIC MASALA 73G,2,60
417,LAYS CREAAM & ONION 73G,34,"1,020.00"
418,KURKURE MASALA MUNCH 85G,37,740
419,KURKURE CHHILLI CHATKA,5,100
420,LAYS CREAM & ONION 50G,70,"1,400.00"
421,LAYS TOMATO TANGO 50G,42,840
422,KURKURE GREEN CHUTNEY STYLE 94G,14,280
423,LAYS HOT & SWEET,37,370
424,KURKURE NAUGHTY TOMATO  85G,41,820
425,QUAKER OATS PAC 400G,12,948
426,QUAKER OATS PAC 1KG,1,199
427,CHEETOS CHEESE BALLS,3,30
428,KURKURE MASALA MUNCH,14,140
429,KURKURE CHILLI CHATKA,25,250
430,KURKURE PUFFCORN YUMMY CHEESE 6,6,120
431,LAYS CREAM & ONION 24G,50,500
432,LAYS TOMATO TANGO 24G,37,370
433,LAYS HOT N SWEET CHILLI 50G,39,765
434,QUAKER OATS PAC 600G,8,952
435,FRU MIXED FRUIT JAM 1KG,1,170
436,FRU PASSION FRUIT SEED SQUASH 700M,1,175
437,BAKERS COCO POWDER 100G 8901493092676,2,130
438,FRU PINEAPPLE JAM 200G 8901493310121,1,50
439,FRU MIXED FRUIT JAM 100G 8901493310213,1,25
440,FRU MIXED FRUIT JAM 200G 8901493310220,7,350
441,FRU PINEAPPLE SQUASH 700ML 8901493320151,1,100
442,KELLOGGS CORN FLAKES 475G 8901499007971,1,205
443,KELLOGGS CORN FLAKES STRAWBEARY 5 8901499008688,1,170
444,KELLOGGS CHOCOS  CHHOTA LADDOO 2 8901499009500,3,30
445,KELLOGGS CHOCOS MOON STAR 375G 8901499010773,1,199
446,ACT-II-CLASSIC SALTED 40G 8901512540102,5,50
447,ACT-II-MAGIC BUTTER 30G 8901512540805,24,240
448,PARLE MAGIX ORANGE 91.2G 8901719103650,3,30
449,PARLE MAGIX CHOCOLATE 91.2G 8901719103674,5,50
450,PARLE HIDE AND SEEK 100G 8901719105913,13,390
451,PARLE FAB JAM 8901719107320,3,30
452,PARLE 20-20 BUTTER COOKIES  150G 8901719109867,18,450
453,PARLE MONACO CLASSIC REGULAR 200G 8901719110993,15,600
454,PARLE HIDE & SEEK BLACK BOURBONE 8901719112485,4,120
455,CADBURY OREO STRAWBERRY 120G 8901719115615,28,980
456,PARLE HIDE & SEEK CHOCO CREME 8901719115639,77,"2,310.00"
457,PARLE HIDE AND SEEK 200G 8901719117220,40,"2,400.00"
458,POPPINS 1NO 8901719117220,1,2
459,PARLE-G 100G 8901719119194,45,450
460,PARLE 20-20 CASHEW COOKIES 200G 8901719120510,13,455
461,PARLE KRACK JACK 200G 8901719120732,20,800
462,PARLE KRACK JACK 63G+18.9 EXTRA 8901719120961,9,90
463,PARLE-G 200G 8901719121838,101,"2,525.00"
464,PARLE-G 800G 8901719121852,12,"1,080.00"
465,PARLE  COCONUT 8901719122040,6,120
466,PARLE FAB BOURBON 8901719122279,3,120
467,PARLE MILANO CHOCO HAZELNUT 8901719125799,1,40
468,PARLE MILANO CHOCO FILLED DARK 8901719125812,1,40
469,PARLE G COOKIES 8901719125935,3,30
470,PARLE MELODY CHOCOLATE 195G 8901719220159,5,250
471,PARLE MELODY CHOCOLATE 391G 8901719220173,10,"1,000.00"
472,PARLE KACHA MANGO BITE 277G 8901719240393,2,100
473,SUNFEAST DARK FANTASY CHOCOCHIPS 8901725000936,5,150
474,SUNFEAST DREAM CREAM CHOCO 120G 8901725102555,1,20
475,SUNFEAST BOUNCE STRAWBERRY DREA 8901725102579,2,40
476,CANDYMAN FANTASTIK 8901725106607,1,5
477,SUNFEAST MARIE LIGHT 200G 8901725114916,28,700
478,SUNFEAST MARIE LIGHT ACTIVE 250G 8901725114947,12,480
479,SUNFEAST MARIE LIGHT VEDA 250G 8901725114985,8,320
480,CANDYMAN FANTASTIK 440G 8901725115784,2,400
481,BINGO HASHTAG CREM&ONION 8901725116729,11,110
482,YIPPEE MAGIC M  NOODLES 420G 8901725116729,2,164
483,YIPPEE MAGIC NOODLES135G 8901725116996,20,560
484,YIPPEE NOODILES 270G 8901725117092,13,728
485,BINGO NO RULZ 17.3 8901725117481,160,800
486,SUNFEAST BOUNCE ORANGE 8901725118747,16,160
487,SUNFEAST MOMS MAGIC CASHEW & ALM 8901725118747,22,"1,100.00"
488,SUNFEAST BOUNCE PINEAPPLE 78G 8901725118761,18,180
489,AASHIRVAD ATTA 1KG 8901725121747,19,"1,273.00"
490,SUNFEAST GLUCOSE BISCUITS 250G 8901725132170,1,25
491,SUNFEAST DARK FANTACY COFFEE FIL 8901725132866,2,80
492,SUNFEAST DARK FANTASY CHOCO FILLS 8901725132873,88,"3,520.00"
493,AASHIRVAD ATTA 2KG 8901725144104,3,390
494,CANDYMAN CHOCO ECLAIRS 380G 8901725144104,2,200
495,BINGO CREAM ONION 8901725194529,14,140
496,SPRITE 250ML GAN 8901764031250,2,80
497,SPRITE 750ML BOTTLE 8901764032271,50,"2,000.00"
498,SPRITE 2.25L BOTTLE 8901764032905,1,99
499,SPRITE 250ML  BOTTLE 8901764032912,40,800
500,CHARGED 20RS 8901764048319,7,140
501,LIMCA 750ML 8901764052705,1,40
502,MINUTE MAID PULPY ORANGE 250ML 8901764362804,1,25
503,RASNA INSTA 23G 8901848001124,45,225
504,AVT TEA POWDER 250G 8902042111060,2,160
505,AVT TEA POWDER 100G 8902042302017,2,66
506,TROPICANA APPLE 250ML 8902080000036,12,240
507,STING 250ML 8902080000227,25,500
508,STING 500ML 8902080001644,1,30
509,TROPICANNA GUAVA DELIGHT 200ML 8902080011261,24,480
510,TROPICANA GUAVA 1L 8902080013265,3,345
511,TROPICANA ORNGE 1L 8902080013296,2,240
512,PEPSI 750ML BOTTLE 8902080104055,34,"1,360.00"
513,PEPSI 2.25LIT BOTTLE 8902080104345,1,99
514,MIRINDA 250ML 8902080204021,4,80
515,MIRINDA 750ML 8902080204052,19,760
516,SEVEN UP 250 ML BOTTLE 8902080304028,7,140
517,SEVEN UP 750 ML BOTTLE 8902080304059,80,"3,200.00"
518,SEVEN UP 2.25LIT 8902080304349,1,99
519,MOUNTAIN DEW 750ML BOTTLE 8902080364053,29,"1,160.00"
520,SLICE 600ML 8902080404094,1,40
521,SLICE 1200ML 8902080404117,2,150
522,AQUAFINA WATER 500 ML 8902080504046,85,850
523,AQUAFINA  WATER 1 LIT 8902080504060,142,"2,840.00"
524,LEHAR SODA 750ML 8902080704057,161,"3,184.00"
525,LEHAR SODA 2 LIT 8902080704088,7,280
526,GRANDMAS PINEAPPLE JAM 100G 8902082803420,14,350
527,GRANDMAS MIXED FRUIT JAM 100G 8902082803437,12,300
528,GRANDMAS STRAWBERRY JAM 100G 8902082805080,1,35
529,GRANDMAS JAM COMBO PINE &  MIXED F 8902082806339,6,492
530,APPY FIZZ 600ML 8902579000004,5,175
531,APPY FIZZ 160ML 8902579000196,13,130
532,SMOODH CHOCOLATE MILK 85ML 8902579000912,1,10
533,FROOTI  300ML 8902579103057,1,20
534,FROOTI 600ML 8902579103170,1,40
535,APPY FIZZ CAN 250ML RED 8902579103415,3,105
536,FROOTI  160ML 8902579103415,27,270
537,APPY FIZZ 1LIT 8902579131036,1,60
538,MAA 160ML 8902979044561,235,"2,350.00"
539,CAVINS VANILLA MILKSHAKE 180ML 8902979052382,22,660
540,CAVINS CHOCOLATE SHAKE 180ML 8902979052399,81,"2,430.00"
541,CAVINS BUTTERSCOTCH MILKSHAKE 18 8902979052405,21,630
542,CAVINS STRABERRY MILKSHAKE 180ML 8902979052412,12,360
543,HALDIRAMS SALTED PEANUTS 200G 8904004404647,1,50
544,HALDIRAMS ORANGE SOAN PAPDI  250G 8904004405514,5,350
545,HALDIRAMS GULAB JAMUN500G 8904004405934,1,125
546,DOUBLE HORSE VERMICELLI KH MIX 8904011505115,5,400
547,MODERN FRUITY 200G 8904043551494,5,125
548,MODERN 100% WHOLE WHEET 400G 8904043551548,1,50
549,MODERN CLASSIC SWEET 500G 8904043551630,1,50
550,MODERN MILK PLUS 600G 8904043551678,2,110
551,MILMA GHEE 50ML 8904069900047,1,41
552,MILMA PANEER 200G 8904069900870,4,420
553,MILKY MIST CREAM 8904083300144,2,150
554,MILKY MIST CHEESE SLICES 100G 8904083310136,1,100
555,CREMICA FRENCH FRIES CLASSIC 70G 8904234195490,1,50
556,BAMBINO PASTA MACARONI 200G 8904287001274,1,25
557,URBANS CASHEWS PLAIN 500G 8906000680124,1,750
558,URBANS CASHEWS PLAIN 250G 8906000680131,4,"1,600.00"
559,URBANS SALTED PISTANCHIO 80G 8906000680193,2,320
560,URBAN NUTS 400G TIN 8906000680544,1,630
561,SNICKERS 15G 8906002484003,198,"1,980.00"
562,WINKIES MARBLE CAKE 110G 8906005610683,11,330
563,WINKIES MINI SWISS ROLL CHOCOLATE 8906005618603,11,110
564,LIONS DESEEDED DATES 500G RED 8906006720084,1,152
565,LIONS DESERTKING DATES 500G 8906006720190,7,"1,729.00"
566,LION ARABIAN DATES 500G 8906006722187,8,"1,744.00"
567,ELITE RAGI POWDER 500G 8906007250580,4,200
568,NUTRIN LOLLIPOP 8906009011301,57,114
569,PARRYS WHITE LABEL SUGAR 1KG 8906009011301,4,220
570,PARRYS WHITE LABEL SUGAR 500G 8906009011318,1,30
571,UNIBIC CASHEW BADAM COOKIES (50%) 3 8906009071626,10,600
572,UNIBIC FRUIT & NUT (50%) 300G 8906009071848,1,75
573,UNIBIC CHOCO CHIPS COOKIES 300G 8906009071954,1,75
574,UNIBIC BUTTER COOKIES 150G 8906009072104,8,440
575,UNIBIC CHOCO  NUT COOKIES  300G 8906009072678,1,75
576,UNIBIC PISTA BADAM COOKIES 150G 8906009078687,6,330
577,UNIBIC SUGAR FREE CASHEW COOKIES 8906009079646,20,"1,600.00"
578,MELLO DARK COMPOUND 500G 8906011347405,1,135
579,BAKERS BAKING POWDER 100G 8906012890023,1,32
580,BAKERS CUSTARD POWDER 100G 8906012890047,2,80
581,BAKERS CORN FLOUR 100G 8906012890061,1,33
582,BAKERS COCOA POWDER 50G 8906012890221,5,325
583,BAKERS PLAIN CHINA GRASS 10G 8906012890306,1,47
584,BRAHMINS PUTTU PODI 1KG,4,372
585,BRAHMINS PUTTU PODI 500G,3,145
586,BRAHMINS FRIED RAVA 1KG,4,440
587,BRAHMINS FRIED RAVA 500G,6,354
588,BRAHMINS SAMBAR PODI 100G,16,816
589,BRAHMINS BROKEN SAMBA WHEAT 500,19,"2,261.00"
590,BRAHMINS AVAL 500 GM,1,74
591,BRAHMINS COCONUT CHUTNEY POWDE,1,110
592,BRAHMINS APPAM IDIYAPPAM PODI 1KG,2,182
593,RICHS WHIP LOOPING 1 LIT,2,521
594,RICHS WHIP TOPING 500 ML,1,145
595,CREAM BELL COFFE MILK,5,165
596,MARIAS CUT MANGO PICKLE GAR 1KG,2,218
597,RUCHIYIDAM KACHA AAM 200,5,600
598,RG GINGELLY OIL BOTTLE 1000ML,1,286
599,MARIES BANANA CHIPS 170G,25,"1,750.00"
600,MARIES BANANA CHIPS NEW 425G,16,"2,800.00"
601,MARIES CHILLY MIXTURE 425G,16,"2,000.00"
602,MARIES CHILLY MIXTURE 170G,42,"2,100.00"
603,MARIES SWEET MIXTURE 170G,2,100
604,MARIES WHITE MIXTURE 170G,5,250
605,MARIES MULLU MURUKKU 170G,15,750
606,MARIES TAPIOCA CHIPS KOLLI 170,2,100
607,MARIES TAPIOCA CHIPS PLAIN 170G,1,50
608,MARIES KUZHALAPPAM SWEET 170G,7,350
609,MARIES PAKKAVADA 170G,18,900
610,MARIES MADHURASEVA 170G,5,250
611,MARIES KARACHEVE 170G,1,50
612,MARIES PLAIN PEANUT 130G,1,40
613,MARIES ROASTED PRANUT 130G,4,160
614,MARIES PLAIN PEANUT 75G,1,25
615,MARIES BOLI 5 NOS,11,550
616,MARIES GHEE ROASTED PEANUT 130G,2,100
617,MARIES CHEEDA 170G,3,145
618,MARIES ACHAPPAM 10NO ROUND,36,"1,620.00"
619,MARIES ACHAPPAM 27 NOS SQARE,11,550
620,MARIES KAKKA CHIPS 100G,2,50
621,NANDINI GOOD LIFE 1L,97,"6,208.00"
622,PAPER BOAT GUAAVA 150ML,2,20
623,MALANADU CURD 500ML,5,175
624,MALANADU HONEY 1000G,2,700
625,MALANADU GHEE 200ML,1,154
626,KITCHEN SOYA CHUNKS 200G,1,50
627,KITCHEN ASAFOETIDA 20G,1,34
628,MIDO MILK ECLAIRS 200G,1,140
629,MIDO CHOCOLATE ECLAIERS 300G,2,400
630,MIDO CHOCOLATE ECLAIRS 400G,1,175
631,MIDO HONEY ECLAIERS 300G,2,400
632,ASIANS KURKAR STICK,1,50
633,ASIANS GILEBEY MURUKKU 180G,2,100
634,ASIANS POTATO CHIPS,1,50
635,TATA MUESLI 0% ADDED SUGAR 500G,1,389
636,BUSH VANILLA 20ML,1,28
637,ASIANS BANANA CHIPS,7,"1,225.00"
638,ASIANS BANANA CHIPS 180G,5,350
639,ASIANS CHILLI MIXTURE 170G,3,150
640,ASIANS JACK CHIPS 140GM,7,560
641,ASIANS MACRONI SWEETS,3,120
642,ASIANS PAKKAVADA,1,50
643,ASIANS TAPIOCA CHIPS PLAIN,1,50
644,OCEAN ENERGY DRINK 250G,3,225
645,MERIIBOY BABY RICHY,30,750
646,MARAYOOR JAGGERY 500GM,2,130
647,KITCHEN KASHMIRI CHILLI 250G,4,695
648,KITCHEN CORIANDER PODI 100G,5,90
649,KITCHEN GARAM MASALA 50G,2,88
650,KITCHEN MEAT MASALA 100G,2,92
651,KITCHEN CHICKEN MASALA 100G,11,516
652,KITCHEN CUMIN 100G,11,715
653,KITCHEN MUSTARD(KADUKU) 250G,1,37.75
654,KITCHEN FISH PICKLE 150G,1,83
655,KITCHEN PRAWN PICKLE GAR 150G,4,368
656,KITCHEN FENUGREEK(ULUVA) 250G,1,45
657,KITHCHEN GINGER GARLIC PASTE 100G,1,35
658,KITCHEN DATES PICKLE 400G,1,140
659,MALANADU MILK 500ML RED,38,"1,064.00"
660,RUCHIYIDAM MANGO BAR,2,130
661,ENJOY COCONUT BALLS 6 PCS,4,200
662,PAF SESAME ROUND WHITE CANDY 12 P,8,560
663,PAF PEANUT CUTING CANDY 100G,2,80
664,PAF PEANUT CANDY BALL,1,50
665,PAF SESAME ROUND BLACK CANDY 12 P,5,350
666,PAF MIXTURE ROUND CANDY C,2,130
667,PAF PLAM JAGGERY 300G,2,170
668,MALKIST CHEESE FLAVOURED 138G,1,50
669,"MALABAR""S  TOMATO MURUKKU 130G",11,550
670,"MALABAR""S  TAPIOCA CHIPS 170G",1,50
671,"MALABAR""S JACK FRUIT CHIPS 150G",4,240
672,HONEY BALLS 150G,2,60
673,TASTY CHAPPATHI 1NO,16,720
